Question Number,Question,Option A,Option B,Option C,Option D,Correct Option
1,Why does sweating cool the human body?,Sweat removes body toxins.,Sweat lubricates the skin cells.,Evaporation removes heat from skin.,Sweat reduces body blood pressure.,C
2,Why is crop rotation used in farming?,To maintain soil nutrients.,To attract more rainfall.,To eliminate insect pests.,To increase daylight exposure.,A
3,Why is it warmer in summer than winter?,The sun is closer in summer months.,Days are longer with direct sunlight.,Earth's rotation is slower in summer.,Atmosphere traps more heat in winter.,B
4,Why do birds migrate seasonally?,To follow ocean currents.,To find better nesting sites.,To escape predators entirely.,To avoid becoming nocturnal.,B
5,Why does bread dough rise with yeast?,Yeast releases oxygen bubbles.,Yeast strengthens flour fibers.,"Yeast ferments, producing gas.",Yeast causes flour expansion.,C
6,Why is fiber important in a diet?,It builds muscle directly.,It provides rapid energy.,It supports digestive health.,It lowers body temperature.,C
7,Why are bees important to agriculture?,They fertilize crops through pollination.,They prevent plant diseases entirely.,They scare away harmful birds.,They increase water absorption.,A
8,Why do shadows change during the day?,Clouds reflect light differently.,"Earth rotates, changing sun angles.",Shadows shrink as objects heat up.,Atmosphere blocks sunlight periodically.,B
9,Why do bridges often have gaps?,Gaps allow for thermal expansion.,Gaps improve visual design.,Gaps reduce overall weight.,Gaps let rainwater escape easily.,A
10,Why do we refrigerate perishable foods?,Refrigeration adds nutritional value.,Cold slows bacterial growth.,Refrigeration eliminates odors.,Cold air enhances food flavor.,B
11,Why do leaves change color in autumn?,Less sunlight reduces chlorophyll.,Trees lose water through leaves.,Soil acidity increases rapidly.,Wind removes green pigment.,A
12,Why do volcanoes form at tectonic boundaries?,Plates force magma upward.,The sun heats the ground.,Ocean tides crack crust.,Air pressure builds underground.,A
13,Why does lightning happen before thunder is heard?,Light travels faster than sound.,Thunder bounces off clouds.,Wind carries sound more slowly.,Lightning generates no sound.,A
14,Why are coral reefs in danger?,Rising temperatures bleach corals.,Waves hit them too often.,Coral stops growing at night.,Moonlight affects reproduction.,A
15,Why is the ozone layer important?,It blocks harmful UV radiation.,It prevents global rainfall.,It controls ocean tides.,It reflects visible light.,A
16,Why are wetlands valuable ecosystems?,They filter water and prevent floods.,They reduce mountain erosion.,They attract cold weather birds.,They neutralize ocean salt.,A
17,Why are antibiotics ineffective against viruses?,Viruses don’t have cellular structures.,Antibiotics miss viral cells.,Viruses are too small.,Antibiotics work on fungi only.,A
18,Why do astronauts exercise in space?,To maintain bone and muscle mass.,To stay warm in orbit.,To avoid food allergies.,To rotate the spacecraft manually.,A
19,Why does oil float on water?,Oil has lower density.,Water attracts oil molecules.,Oil repels oxygen.,Water has magnetic properties.,A
20,Why do mirrors reverse left and right but not up and down?,We interpret reflections relative to ourselves.,Light reverses in the vertical plane.,Eyes rotate slightly when viewing mirrors.,Mirror glass is polarized vertically.,A
21,Why do planets orbit the sun in elliptical paths?,Gravity and inertia interact to curve their motion.,Solar flares push planets in loops.,Space-time twists all straight lines.,Planets bounce off other orbits.,A
22,Why is wind formed in the atmosphere?,Air moves from high to low pressure.,Clouds release trapped gases.,Earth's tilt draws in motion.,Stars heat upper air layers.,A
23,Why are vitamins essential for health?,They support bodily functions and immunity.,They store excess body fat.,They harden bones and nails directly.,They cool the blood naturally.,A
24,Why do some objects appear blue in sunlight?,They reflect blue wavelengths.,They emit cold light rays.,They are cooler than red objects.,They absorb all colors equally.,A
25,Why do bubbles rise in a liquid?,Gas is lighter than liquid.,Water molecules push down faster.,Liquids pull gas upward.,Gases attract upward forces.,A
26,Why is Earth not a perfect sphere?,Rotation causes equatorial bulge.,It grows more during summer.,The poles are denser.,Tides push out the crust.,A
27,Why do ears pop during altitude changes?,Pressure difference affects eardrums.,Blood flow increases to the head.,Oxygen thins near the ground.,Sound echoes between valleys.,A
28,Why does milk spoil faster in warm temperatures?,Bacteria grow more quickly.,Proteins dissolve in sunlight.,Heat causes vitamins to multiply.,Milk absorbs smells from the air.,A
29,Why does sound travel faster in water than air?,Water particles are more tightly packed.,Sound moves in waves above water.,Air compresses sound molecules.,Water heats sound waves quickly.,A
30,Why is calcium important for the body?,It strengthens bones and teeth.,It cools muscles after exercise.,It replaces blood cells weekly.,It cleanses the digestive tract.,A
31,Why do deserts cool quickly after sunset?,Dry air retains little heat.,Sand reflects nighttime light.,Wind increases after dark.,Stars radiate cold energy.,A
32,Why is the sky blue during the day?,Air scatters blue light more than others.,Water vapor dyes the sky.,The sun emits blue rays at noon.,Clouds filter out warmer light.,A
33,Why is plastic a poor conductor of electricity?,It lacks free-moving electrons.,It blocks sunlight.,It is chemically unstable.,It shrinks under heat.,A
34,Why does metal feel colder than wood at room temperature?,Metal conducts heat away faster.,Wood traps colder air.,Metal reflects cold light.,Wood releases heat slowly.,A
35,Why do astronauts wear pressurized suits in space?,To protect against vacuum and radiation.,To improve vision in darkness.,To absorb solar power.,To help them float evenly.,A
36,Why is reading comprehension important?,It enables deeper understanding of content.,It speeds up word recognition only.,It replaces listening skills.,It simplifies grammar rules.,A
37,Why is biodiversity important for ecosystems?,It provides resilience to changes.,It lowers predator populations.,It speeds up plant growth.,It reduces carbon entirely.,A
38,Why is carbon dioxide a greenhouse gas?,It traps heat in Earth's atmosphere.,It cools land quickly.,It reflects all UV radiation.,It breaks down oxygen.,A
39,Why does salt melt ice on roads?,It lowers water's freezing point.,It absorbs solar heat faster.,It bonds ice to asphalt.,It makes air colder.,A
40,Why do magnets attract iron?,Iron atoms align with magnetic fields.,Iron repels gravity.,Magnets contain iron inside.,Iron holds magnetic water.,A
41,Why do airplanes leave trails in the sky?,Water vapor condenses in cold air.,The plane burns colored fuel.,Wings scratch the atmosphere.,Air reflects engine light.,A
42,Why does food cook faster in a pressure cooker?,Higher pressure raises boiling point.,Steam adds more flavor.,Water vibrates more quickly.,The pot spins heat inside.,A
43,Why does iron rust when exposed to water and air?,Oxygen reacts with metal.,Water freezes on the surface.,Rust is formed by bacteria.,Iron breaks into dust.,A
44,Why do tides occur on Earth?,Moon's gravity pulls water.,Earth's spin generates suction.,Winds push water in circles.,Sunlight heats oceans daily.,A
45,Why does water form droplets on a surface?,Surface tension pulls molecules together.,Water cools rapidly on contact.,Air pressure is stronger outdoors.,Water sticks to smooth textures.,A
46,Why is recycling important for the environment?,It reduces waste and conserves resources.,It makes trash easier to burn.,It increases factory production.,It prevents heat from escaping Earth.,A
47,Why is it dangerous to touch electrical wires with wet hands?,Water conducts electricity.,Wires expand when wet.,Hands attract static charges.,Wet skin repels voltage.,A
48,Why do we see lightning before hearing thunder?,Light travels faster than sound.,Sound is absorbed by clouds.,Thunder comes from ground echoes.,Lightning doesn't create sound.,A
49,Why does a black shirt feel hotter in sunlight?,Dark colors absorb more heat.,Sunlight passes through black dye.,Black reflects hot air.,Heat is drawn to dark textures.,A
50,Why do icebergs float in the ocean?,Ice is less dense than seawater.,Air bubbles lift them up.,Salt pushes them upward.,Cold water increases lift.,A
51,Why does sugar dissolve faster in hot water than cold?,Heat speeds up molecule movement.,Sugar softens in heat.,Water expands sugar crystals.,Cold water repels sugar.,A
52,Why do we wear sunglasses on sunny days?,To block harmful UV rays.,To adjust our internal clock.,To magnify the sunlight.,To trap heat near the face.,A
53,Why is it easier to float in saltwater than freshwater?,Saltwater is denser and adds buoyancy.,Freshwater cools the skin faster.,Salt reduces gravity in water.,Saltwater vibrates slower.,A
54,Why do we need red blood cells?,They carry oxygen to tissues.,They help digest protein.,They absorb sunlight.,They protect bones from damage.,A
55,Why do some animals hibernate?,To conserve energy in winter.,To protect nests from water.,To increase their metabolism.,To migrate underground.,A
56,Why are electric cars considered eco-friendly?,They produce no direct emissions.,They use thinner tires.,They run only during the day.,They never need brakes.,A
57,Why is handwashing effective at stopping disease?,It removes germs and viruses.,It warms the skin.,It spreads good bacteria.,It dries hands quickly.,A
58,Why do we blink automatically?,To protect and moisten eyes.,To reflect brain signals.,To control face temperature.,To limit eye movement.,A
59,Why is sunlight important for plants?,It helps them produce food.,It makes roots grow deeper.,It prevents leaf color change.,It hardens the stem.,A
60,Why are batteries used in portable devices?,They store and release electrical energy.,They emit heat for small circuits.,They change sound into movement.,They cool down fast in use.,A
61,Why do fish have gills instead of lungs?,Gills extract oxygen from water.,Lungs are too large for fish.,Gills store energy for movement.,Lungs would float in water.,A
62,Why is iron used to make tools?,It is strong and durable.,It bends easily under pressure.,It rusts quickly in air.,It floats when cooled.,A
63,Why do we boil water before drinking it?,To kill bacteria and viruses.,To make it lighter.,To reduce oxygen content.,To add minerals.,A
64,Why is a rainbow curved?,Light bends and reflects in water droplets.,Clouds push colors into arcs.,Rain falls in circular motion.,Wind shapes the sunlight.,A
65,Why do we yawn when tired?,To increase oxygen to the brain.,To lower heart rate.,To block out noise.,To warm the throat.,A
66,Why is stainless steel used in kitchens?,It resists rust and is easy to clean.,It absorbs heat very slowly.,It sharpens over time.,It changes color with light.,A
67,Why does a compass point north?,It aligns with Earth’s magnetic field.,It is pulled by the sun.,It tracks ocean currents.,It detects sound waves.,A
68,Why is teamwork important in group projects?,It allows shared ideas and efforts.,It reduces the need to plan.,It guarantees fewer errors.,It limits personal accountability.,A
69,Why do seeds need water to germinate?,Water activates growth enzymes.,Water keeps seeds dry.,Water breaks down carbon dioxide.,Water hardens the outer shell.,A
70,Why do we wear helmets while biking?,To protect the head from injury.,To block sunlight from the eyes.,To reduce wind resistance.,To balance body posture.,A
71,Why do satellites stay in orbit around Earth?,Gravity and forward motion balance out.,Earth's wind holds them up.,Solar power keeps them floating.,They bounce off the atmosphere.,A
72,Why does metal expand when heated?,Atoms move more and take up space.,Heat adds weight to metal.,Metal absorbs sunlight fully.,Cold air escapes from it.,A
73,Why are dams built on rivers?,To control water flow and store it.,To increase fish population.,To heat nearby land.,To raise ocean levels.,A
74,Why is it easier to hear at night in open areas?,Cooler air carries sound farther.,Stars reflect noise downward.,Daylight breaks up sound waves.,Trees push sound lower.,A
75,Why do we see stars only at night?,Sunlight outshines distant stars.,Stars only appear in darkness.,Air glows less after sunset.,Stars move toward night skies.,A
76,Why is touch important for humans?,It helps detect pressure and temperature.,It keeps bones flexible.,It directs muscle growth.,It spreads body heat.,A
77,Why is glass transparent?,Light passes through its uniform structure.,It lacks a reflective surface.,It traps only red light.,Its molecules are cold.,A
78,Why does soap clean oily hands?,Soap breaks oil into smaller bits.,It freezes the oil.,Soap burns oil off quickly.,It dries oil with air.,A
79,Why do onions make people cry?,They release a gas that irritates eyes.,Their color is too bright.,They cool the face rapidly.,Their texture is sharp.,A
80,Why does hot air rise?,Warm air is lighter than cool air.,Heat pushes air downward.,Light heats air molecules.,Cold sinks and pulls up heat.,A
81,Why do we stretch before exercising?,To reduce injury and improve flexibility.,To slow down heart rate.,To increase body temperature.,To build muscle mass.,A
82,Why does fog form in the early morning?,Cool air condenses moisture near the ground.,Trees release vapor at night.,Sunlight pulls water from soil.,Wind spreads sea spray inland.,A
83,Why is blood red?,Hemoglobin binds with oxygen.,It reflects red light from veins.,Carbon dioxide colors the cells.,Blood heats up during flow.,A
84,Why are bridges built in arches?,Arches distribute weight evenly.,Arches trap cold air below.,Curves reduce construction time.,They avoid bird interference.,A
85,Why do our pupils get larger in the dark?,To let in more light.,To reflect surrounding color.,To increase blood flow.,To cool the eye.,A
86,Why do birds fly in V formation?,It saves energy through air currents.,It helps spot predators.,It avoids flying into wind.,It lets them fly faster.,A
87,Why is exercise good for the heart?,It strengthens heart muscles.,It cools blood in veins.,It thickens artery walls.,It slows oxygen flow.,A
88,Why do mirrors reflect light?,Their surface bounces light back.,They absorb and release brightness.,They heat up quickly.,They repel darkness.,A
89,Why is iron important in the diet?,It helps carry oxygen in blood.,It keeps bones hard.,It helps digest fat.,It lowers body heat.,A
90,Why does a ball roll down a slope?,Gravity pulls it downhill.,Wind pushes it forward.,The air gets thinner.,Friction increases uphill.,A
91,Why is photosynthesis important for the environment?,It produces oxygen and absorbs carbon dioxide.,It cools plant leaves.,It colors fruits and flowers.,It keeps soil moist.,A
92,Why do camels store fat in their humps?,For energy during long periods without food.,To balance their body weight.,To store water directly.,To protect them from sunburn.,A
93,Why is the heart divided into four chambers?,To separate oxygenated and deoxygenated blood.,To slow down the heartbeat.,To cool blood evenly.,To remove carbon dioxide directly.,A
94,Why do astronauts experience muscle loss in space?,Lack of gravity reduces muscle use.,They eat fewer proteins.,Their suits are too tight.,They sleep longer in orbit.,A
95,Why does bread turn brown when toasted?,Heat causes a chemical reaction with sugars.,The crust absorbs moisture.,Air reacts with flour.,Steam turns it darker.,A
96,Why do ants follow each other in a line?,They follow scent trails.,They avoid being seen.,They mimic enemy movements.,They look for warmer spots.,A
97,Why do athletes need protein in their diet?,Protein repairs and builds muscles.,Protein slows down digestion.,Protein increases blood sugar.,Protein changes fat into energy.,A
98,Why do ships float despite being heavy?,Their shape displaces enough water.,Water pressure keeps them up.,The metal is lightweight.,Air pushes from underneath.,A
99,Why is the moon sometimes visible during the day?,Its orbit allows sunlight to reflect toward Earth.,It glows from heat.,It absorbs morning light.,It appears closer in summer.,A
100,Why do eyes adjust in darkness over time?,Pupils widen to take in more light.,Eyelids block out extra light.,Eyes cool down slowly.,Retina shrinks to focus better.,A
101,Why do leaves have veins?,To transport water and nutrients.,To support photosynthesis directly.,To reflect sunlight evenly.,To release extra moisture.,A
102,Why do metals shine when polished?,They reflect light well due to free electrons.,They absorb less heat.,They are naturally white.,Polishing removes all atoms.,A
103,Why is the boiling point of water lower at high altitudes?,Air pressure is reduced.,Oxygen levels increase.,Wind cools the water.,Heat moves faster in thin air.,A
104,Why do we need to sleep regularly?,Sleep restores mental and physical function.,Sleep keeps muscles toned.,Sleep removes toxins through sweat.,Sleep speeds up digestion.,A
105,Why does rubbing hands together produce heat?,Friction converts motion into heat.,Skin absorbs energy from the air.,Motion increases circulation.,Blood rises to the surface.,A
106,Why is the ocean salty?,Minerals from rocks dissolve in water.,Fish release salt while swimming.,Air carries salt from beaches.,Sea plants generate sodium.,A
107,Why do scientists use models in experiments?,Models help explain and test ideas.,Models make data look better.,Models replace actual tools.,Models increase lab space.,A
108,Why is the speed of light constant in a vacuum?,It doesn’t interact with particles.,The vacuum amplifies waves.,Light slows down over time.,Sound follows the same rule.,A
109,Why do we add chlorine to drinking water?,To kill harmful microorganisms.,To improve flavor.,To increase oxygen.,To neutralize acidity.,A
110,Why does heat rise in a room?,Warm air is less dense.,Walls push heat upward.,Light attracts heat.,Cold air sinks faster.,A
111,Why does rain fall from clouds?,Water droplets become heavy and fall.,Clouds bounce off air pressure.,Wind squeezes water from air.,Cold air forces clouds to move.,A
112,Why do we use seatbelts in cars?,To reduce injury during sudden stops.,To keep the car moving.,To prevent motion sickness.,To avoid engine noise.,A
113,Why do turtles have hard shells?,For protection against predators.,To help them float.,To store water for travel.,To absorb sunlight quickly.,A
114,Why does cutting onions make your eyes sting?,It releases sulfuric compounds.,The onion juice is spicy.,The smell is too strong.,It cools the eyes rapidly.,A
115,Why does static electricity shock us sometimes?,Charge builds up and discharges suddenly.,Air becomes electrically charged.,Metal carries sound waves.,Skin freezes and contracts.,A
116,Why are earthquakes more common along fault lines?,Tectonic plates shift at those edges.,Mountains block vibrations.,Ocean waves press inland.,Wind pressure cracks rocks.,A
117,Why do birds have hollow bones?,To make flying easier.,To protect organs.,To store air in bones.,To keep warm.,A
118,Why do mirrors fog up in bathrooms?,Warm air hits a cold surface.,Water jumps off the floor.,Soap sprays on the glass.,Light reflects more steam.,A
119,Why do whales surface to breathe?,"They have lungs, not gills.",Their fins need sunlight.,They exhale underwater.,Air pushes them upward.,A
120,Why does metal feel hot in sunlight?,It absorbs and conducts heat quickly.,Its color attracts fire.,It expands into the air.,It holds onto wind.,A
121,Why do snakes shed their skin?,To allow for growth and remove parasites.,To become lighter for movement.,To cool down in warm weather.,To develop new colors for camouflage.,A
122,Why does paper burn when heated?,"Heat breaks chemical bonds, releasing energy.",The fibers shrink rapidly.,Air thickens around it.,Paper attracts fire naturally.,A
123,Why are car tires made of rubber?,Rubber provides grip and absorbs shock.,Rubber increases car speed.,Rubber shines in sunlight.,Rubber keeps wheels from bending.,A
124,Why is hand-eye coordination important in sports?,It allows accurate and quick responses.,It helps improve night vision.,It slows muscle fatigue.,It builds finger strength.,A
125,Why is the Earth's core hot?,Radioactive decay and residual heat.,The sun heats it internally.,It absorbs energy from the moon.,Magma reflects ground light.,A
126,Why are zebras' stripes helpful in the wild?,They confuse predators during movement.,They warm up the zebra.,They reflect moonlight better.,They help with swimming.,A
127,Why do our fingers wrinkle in water?,To improve grip on wet surfaces.,Skin loses moisture fast.,Water changes blood flow.,Fingers cool more quickly.,A
128,Why does alcohol feel cold when it evaporates?,It absorbs heat from the skin.,It increases skin moisture.,It hardens quickly on contact.,It reacts with oxygen.,A
129,Why are parachutes wide and light?,To slow descent by increasing air resistance.,To fly longer distances.,To attract search teams.,To bounce on landing.,A
130,Why is the tongue sensitive to taste?,It has many taste receptor cells.,It grows faster than other tissues.,It reflects food colors.,It generates digestive acid.,A
131,Why is backpropagation important in training neural networks?,It adjusts weights to reduce error.,It skips hidden layers.,It increases the number of inputs.,It stops training early.,A
132,Why is a router used in a computer network?,To forward data between different networks.,To store backup data.,To format hard drives.,To power wireless devices.,A
133,Why is normalization important in machine learning?,It scales features to a common range.,It removes all outliers.,It improves database speed.,It converts models into text.,A
134,Why is TCP considered reliable for data transmission?,It ensures packets are received in order.,It sends signals only once.,It encrypts files automatically.,It prevents congestion entirely.,A
135,Why is overfitting a problem in machine learning?,The model memorizes training data but performs poorly on new data.,The model becomes too fast.,The data splits unevenly.,It improves training accuracy only.,A
136,Why is DNS used in networking?,It translates domain names into IP addresses.,It filters email spam.,It charges users for access.,It blocks malware infections.,A
137,Why is GPU acceleration used in deep learning?,It processes large matrix computations faster.,It stores the training logs.,It controls the learning rate.,It normalizes input features.,A
138,Why is ReLU a common activation function?,It introduces non-linearity and is simple to compute.,It reduces the number of layers.,It filters input noise.,It replaces backpropagation.,A
139,Why is subnetting useful in network design?,It divides large networks into manageable parts.,It speeds up wireless signals.,It encrypts local data.,It adds more IP addresses.,A
140,Why do we use dropout in neural networks?,To prevent overfitting by randomly ignoring neurons.,To delete data during training.,To increase training accuracy instantly.,To double the batch size.,A
141,Why is data augmentation used in training image models?,It increases dataset diversity for better generalization.,It makes models faster by reducing images.,It replaces preprocessing steps.,It skips the need for test data.,A
142,Why are VLANs used in networking?,To segment networks logically for security and efficiency.,To increase the cable length.,To block wireless devices.,To encrypt all data transmissions.,A
143,Why does a decision tree risk overfitting?,It can learn noise from training data.,It uses too many features by default.,It always splits data equally.,It discards outliers aggressively.,A
144,Why is HTTPS more secure than HTTP?,It encrypts data using SSL/TLS.,It compresses content better.,It prevents ads from loading.,It blocks cookies entirely.,A
145,Why are container technologies like Docker popular?,They isolate environments and simplify deployment.,They increase bandwidth speed.,They limit code execution.,They compile code automatically.,A
146,Why is learning rate tuning important in model training?,It controls how quickly the model learns.,It shortens the number of features.,It increases GPU memory.,It decreases regularization.,A
147,Why is UDP preferred in streaming applications?,It offers low latency by not requiring acknowledgment.,It encrypts data automatically.,It always guarantees delivery.,It resends lost packets quickly.,A
148,Why is K-means not ideal for non-spherical data?,It assumes clusters are round and equal in size.,It requires labeled data.,It uses trees for classification.,It trains with backpropagation.,A
149,Why do firewalls improve network security?,They monitor and block unauthorized traffic.,They extend wireless range.,They boost signal strength.,They store user credentials.,A
150,Why is one-hot encoding used in preprocessing?,It converts categorical data into binary features.,It scales numbers between 0 and 1.,It removes missing values.,It filters out high variance features.,A
151,Why is cross-validation important in model evaluation?,It assesses model performance on unseen data.,It combines all models into one.,It changes the training labels.,It tunes hyperparameters automatically.,A
152,Why do switches use MAC addresses?,To forward data to the correct device on a LAN.,To create subnets in networks.,To encrypt transmitted packets.,To block spam emails.,A
153,Why is batch size an important parameter in deep learning?,It affects training speed and model stability.,It controls how neurons are activated.,It increases the depth of the network.,It selects the optimizer type.,A
154,Why do organizations use VPNs?,To secure remote connections over public networks.,To increase data usage limits.,To compress audio files.,To bypass operating system updates.,A
155,Why is gradient descent used in machine learning?,It minimizes the cost function by adjusting weights.,It balances the dataset features.,It multiplies loss with accuracy.,It normalizes output probabilities.,A
156,Why is NAT used in routers?,To map private IP addresses to a public one.,To store website data offline.,To test bandwidth speeds.,To connect two different ISPs.,A
157,Why is transfer learning beneficial in deep learning?,It allows reuse of pretrained models on new tasks.,It resets model weights automatically.,It removes feature correlation.,It trains a model with zero data.,A
158,Why is an IP address important in a network?,It uniquely identifies each device.,It limits internet access.,It controls signal strength.,It stores login credentials.,A
159,Why is feature engineering critical in data science?,It improves model performance by creating better input variables.,It reduces the size of the dataset.,It increases the number of test cases.,It replaces model evaluation.,A
160,Why are APIs essential in modern software development?,They enable different systems to communicate.,They speed up computer boot time.,They replace firewalls in applications.,They encrypt data for browsers.,A
161,Why do load balancers improve system reliability?,They distribute traffic across multiple servers.,They block malicious users.,They reduce storage costs.,They encrypt database entries.,A
162,Why is L2 regularization useful in model training?,It discourages large weights to reduce overfitting.,It forces weights to become zero.,It increases model complexity.,It multiplies accuracy scores.,A
163,Why do we use ARP in computer networks?,To map IP addresses to MAC addresses.,To resolve domain names.,To assign dynamic IPs.,To monitor internet speed.,A
164,Why is early stopping used during training?,To prevent overfitting by halting when validation loss increases.,To decrease learning rate automatically.,To switch optimizers mid-training.,To reset all model weights.,A
165,Why do systems use RAID for storage?,To improve data redundancy and performance.,To cool hard drives.,To encrypt file systems.,To share files across browsers.,A
166,Why are SSL certificates important for websites?,They enable encrypted communication with users.,They boost page load speed.,They remove JavaScript errors.,They create backup copies.,A
167,Why is tokenization important in NLP?,It breaks text into meaningful units for processing.,It creates summaries of documents.,It sorts words alphabetically.,It removes stopwords automatically.,A
168,Why is AI used in fraud detection?,It can identify unusual patterns in large datasets.,It encrypts user credentials.,It stores audit logs.,It increases account balances.,A
169,Why are CDNs used in web delivery?,To cache content closer to users for faster access.,To block malware downloads.,To convert HTML to CSS.,To host server-side code.,A
170,Why is F1-score important in imbalanced datasets?,It balances precision and recall.,It measures only accuracy.,It increases true negatives.,It reduces memory usage.,A
171,Why is data preprocessing essential in machine learning?,It ensures data quality and consistency.,It reduces model memory usage.,It converts accuracy into loss.,It creates neural network layers.,A
172,Why is SSH preferred over Telnet for remote login?,It encrypts communication for security.,It uses more bandwidth.,It runs only on Windows systems.,It blocks all port access.,A
173,Why is dimensionality reduction used in data science?,To reduce noise and improve model efficiency.,To increase data complexity.,To duplicate features.,To slow down predictions.,A
174,Why do we use hashing in cybersecurity?,To verify data integrity.,To create new usernames.,To block email attachments.,To measure password length.,A
175,Why is JSON commonly used for APIs?,It is lightweight and easy to parse.,It encrypts data automatically.,It adds latency to requests.,It needs a database to run.,A
176,Why is modular programming useful in software development?,"It breaks code into manageable, reusable parts.",It speeds up Wi-Fi connection.,It merges all logic into one file.,It removes all function calls.,A
177,Why is bias a problem in AI models?,It causes unfair or inaccurate predictions.,It increases model size.,It improves precision but reduces speed.,It leads to zero loss.,A
178,Why is cloud computing scalable?,It adjusts resources based on demand.,It uses physical servers only.,It stores files in CSV format.,It avoids user input completely.,A
179,Why is it useful to use indexes in a database?,They speed up query retrieval.,They delete duplicate records.,They sort columns alphabetically.,They reduce data accuracy.,A
180,Why is two-factor authentication safer than passwords alone?,It requires both something you know and something you have.,It hides the login screen.,It replaces firewalls.,It delays account creation.,A
181,Why is scaling input features important for gradient-based algorithms?,It helps the algorithm converge faster.,It filters out noisy inputs.,It skips feature selection.,It combines features into one.,A
182,Why do operating systems use virtual memory?,To use hard drive space when RAM is full.,To increase screen resolution.,To secure user login sessions.,To reduce CPU power.,A
183,Why is precision important in classification problems?,It measures accuracy for positive predictions.,It counts all errors equally.,It increases the test set size.,It helps sort the dataset.,A
184,Why are convolutional layers used in image processing?,They capture spatial features in data.,They add color to grayscale images.,They split images into patches.,They change brightness.,A
185,Why is logging important in software applications?,It helps monitor and debug issues.,It stores password data.,It compresses memory usage.,It increases file size.,A
186,Why do we split data into training and test sets?,To evaluate how well the model generalizes.,To reduce the training time.,To increase validation loss.,To clean the dataset.,A
187,Why is recursion used in programming?,It simplifies problems by calling functions within themselves.,It speeds up database queries.,It reduces network load.,It stores user preferences.,A
188,Why is latency critical in online gaming?,It affects how quickly actions register.,It increases screen brightness.,It stores saved progress.,It adjusts speaker volume.,A
189,Why do companies use version control systems?,To track and manage changes in code.,To store large media files.,To delete outdated software.,To rename project folders.,A
190,Why is it better to use environment variables for secrets?,They keep sensitive data out of codebases.,They speed up code execution.,They double memory access.,They prevent app deployment.,A
191,Why do cloud-native applications benefit from microservices?,They allow independent deployment and scaling.,They store logs in shared folders.,They run only on one server.,They disable version control.,A
192,Why is HTTPS preferred for e-commerce websites?,"It encrypts data, ensuring secure transactions.",It compresses shopping cart size.,It supports only one browser type.,It reduces webpage loading speed.,A
193,Why is feature selection used before training a model?,It removes irrelevant inputs to improve accuracy.,It adds noise to training data.,It deletes all output labels.,It sorts columns alphabetically.,A
194,Why are edge computing solutions gaining popularity?,They reduce latency by processing data near the source.,They use centralized servers only.,They slow down client responses.,They store backups in the cloud.,A
195,Why is a confusion matrix useful in classification problems?,It visualizes true/false positives and negatives.,It changes output labels.,It compresses feature sets.,It measures training time.,A
196,Why do DevOps teams use CI/CD pipelines?,They automate integration and delivery steps.,They delete code after deployment.,They improve internet speed.,They increase server temperature.,A
197,Why is anomaly detection important in cybersecurity?,It identifies unusual patterns that may indicate threats.,It locks user accounts.,It changes encryption keys.,It shuts down all systems.,A
198,Why do we need encryption in communication?,To protect information from unauthorized access.,To speed up file downloads.,To improve keyboard accuracy.,To hide screen brightness.,A
199,Why is the softmax function used in classification?,It converts outputs into probabilities.,It filters missing values.,It renames class labels.,It adds training noise.,A
200,Why is monitoring CPU usage critical in servers?,To detect overload and maintain performance.,To cool the hard disk.,To rename operating systems.,To install graphic drivers.,A
201,Why is a GPU better than a CPU for deep learning?,It processes parallel tasks efficiently.,It stores more hard disk space.,It lowers the model's size.,It deletes test datasets.,A
202,Why is regularization used in machine learning?,To reduce overfitting by penalizing complexity.,To clean missing data entries.,To sort variables alphabetically.,To duplicate hidden layers.,A
203,Why do developers use REST APIs?,They allow standardized access to web services.,They restart servers automatically.,They store data as audio files.,They encrypt HTTP headers.,A
204,Why is JSON favored over XML in APIs?,It's lighter and easier to parse.,It supports images directly.,It replaces HTML in browsers.,It changes IP addresses.,A
205,Why is recall important in a classification model?,It measures how many actual positives were identified.,It increases test set length.,It counts all true negatives.,It filters noisy outputs.,A
206,Why is container orchestration needed in cloud apps?,It manages deployment and scaling of containers.,It builds new operating systems.,It encrypts Docker images.,It blocks internet traffic.,A
207,Why is the Adam optimizer popular in deep learning?,It adapts learning rates for each parameter.,It increases batch size.,It shortens training data.,It replaces backpropagation.,A
208,Why is IPv6 adoption important?,It provides more address space than IPv4.,It runs only on fiber networks.,It uses longer domain names.,It disables DNS lookups.,A
209,Why is Git used in software development?,It tracks changes and supports collaboration.,It compiles the codebase.,It stores only video files.,It scans for malware.,A
210,Why is synthetic data used in AI training?,It supplements real data when limited.,It skips data preprocessing.,It prevents model training.,It lowers GPU usage.,A
211,Why is transfer learning used in AI?,It reuses knowledge from existing models.,It skips the training process.,It stores new datasets locally.,It reduces server temperature.,A
212,Why is SSH used instead of Telnet?,It encrypts data during transfer.,It boosts internet speed.,It adds new network devices.,It removes DNS entries.,A
213,Why is anomaly detection used in monitoring systems?,It flags events that deviate from norms.,It labels training data.,It delays alerts by design.,It converts logs to images.,A
214,Why is a confusion matrix helpful?,It shows classification performance.,It measures training loss.,It predicts future outcomes.,It replaces test data.,A
215,Why is dropout used during training?,It prevents overfitting by turning off neurons.,It adds noise to output.,It resets batch size.,It adjusts learning rate.,A
216,Why is an API gateway useful in microservices?,It manages requests between services.,It merges logs into one file.,It encrypts mobile apps.,It slows traffic.,A
217,Why is indexing used in databases?,It speeds up search queries.,It hides primary keys.,It reduces storage space.,It filters column types.,A
218,Why is a load balancer used in web services?,It splits traffic among servers.,It deletes cache on reload.,It switches IP addresses.,It generates backup logs.,A
219,Why is multi-factor authentication safer?,It combines multiple ID methods.,It uses stronger passwords.,It hides the login screen.,It deletes session history.,A
220,Why are epochs important in training models?,They define passes through data.,They replace optimizers.,They reduce feature count.,They modify input format.,A
221,Why is HTTPS considered secure for data transfer?,It encrypts the communication channel.,It reduces file size.,It hides the URL path.,It blocks image loading.,A
222,Why do we use firewalls in network systems?,They block unauthorized access.,They delete backup files.,They restart applications.,They scan user photos.,A
223,Why is CPU cache useful in computing?,It stores frequently used data nearby.,It extends battery life.,It compresses files.,It controls screen brightness.,A
224,Why is accuracy alone misleading in imbalanced data?,It ignores the minority class performance.,It lowers model complexity.,It changes the loss function.,It removes class labels.,A
225,Why do we compress files before transmission?,To reduce the size for faster transfer.,To secure the content.,To rename the extension.,To change file format.,A
226,Why is latency important in real-time systems?,It impacts how quickly responses are received.,It changes hardware speed.,It controls display resolution.,It encrypts voice data.,A
227,Why do we use the 'ping' command?,To check network connectivity.,To increase download speed.,To reset the modem.,To trace active ports.,A
228,Why is modular code preferred in large projects?,It's easier to maintain and debug.,It runs on mobile faster.,It blocks external updates.,It rewrites itself.,A
229,Why is MFA considered a best practice?,It reduces risk with multiple verification steps.,It hides password length.,It disables device syncing.,It renames login fields.,A
230,Why are backups essential in IT systems?,They restore data after loss or failure.,They double hard drive space.,They convert files to apps.,They reduce CPU usage.,A
191,Why do cloud-native applications benefit from microservices?,They allow independent deployment and scaling.,They store logs in shared folders.,They run only on one server.,They disable version control.,A
192,Why is HTTPS preferred for e-commerce websites?,"It encrypts data, ensuring secure transactions.",It compresses shopping cart size.,It supports only one browser type.,It reduces webpage loading speed.,A
193,Why is feature selection used before training a model?,It removes irrelevant inputs to improve accuracy.,It adds noise to training data.,It deletes all output labels.,It sorts columns alphabetically.,A
194,Why are edge computing solutions gaining popularity?,They reduce latency by processing data near the source.,They use centralized servers only.,They slow down client responses.,They store backups in the cloud.,A
195,Why is a confusion matrix useful in classification problems?,It visualizes true/false positives and negatives.,It changes output labels.,It compresses feature sets.,It measures training time.,A
196,Why do DevOps teams use CI/CD pipelines?,They automate integration and delivery steps.,They delete code after deployment.,They improve internet speed.,They increase server temperature.,A
197,Why is anomaly detection important in cybersecurity?,It identifies unusual patterns that may indicate threats.,It locks user accounts.,It changes encryption keys.,It shuts down all systems.,A
198,Why do we need encryption in communication?,To protect information from unauthorized access.,To speed up file downloads.,To improve keyboard accuracy.,To hide screen brightness.,A
199,Why is the softmax function used in classification?,It converts outputs into probabilities.,It filters missing values.,It renames class labels.,It adds training noise.,A
200,Why is monitoring CPU usage critical in servers?,To detect overload and maintain performance.,To cool the hard disk.,To rename operating systems.,To install graphic drivers.,A
201,Why is a GPU better than a CPU for deep learning?,It processes parallel tasks efficiently.,It stores more hard disk space.,It lowers the model's size.,It deletes test datasets.,A
202,Why is regularization used in machine learning?,To reduce overfitting by penalizing complexity.,To clean missing data entries.,To sort variables alphabetically.,To duplicate hidden layers.,A
203,Why do developers use REST APIs?,They allow standardized access to web services.,They restart servers automatically.,They store data as audio files.,They encrypt HTTP headers.,A
204,Why is JSON favored over XML in APIs?,It's lighter and easier to parse.,It supports images directly.,It replaces HTML in browsers.,It changes IP addresses.,A
205,Why is recall important in a classification model?,It measures how many actual positives were identified.,It increases test set length.,It counts all true negatives.,It filters noisy outputs.,A
206,Why is container orchestration needed in cloud apps?,It manages deployment and scaling of containers.,It builds new operating systems.,It encrypts Docker images.,It blocks internet traffic.,A
207,Why is the Adam optimizer popular in deep learning?,It adapts learning rates for each parameter.,It increases batch size.,It shortens training data.,It replaces backpropagation.,A
208,Why is IPv6 adoption important?,It provides more address space than IPv4.,It runs only on fiber networks.,It uses longer domain names.,It disables DNS lookups.,A
209,Why is Git used in software development?,It tracks changes and supports collaboration.,It compiles the codebase.,It stores only video files.,It scans for malware.,A
210,Why is synthetic data used in AI training?,It supplements real data when limited.,It skips data preprocessing.,It prevents model training.,It lowers GPU usage.,A
211,Why is transfer learning used in AI?,It reuses knowledge from existing models.,It skips the training process.,It stores new datasets locally.,It reduces server temperature.,A
212,Why is SSH used instead of Telnet?,It encrypts data during transfer.,It boosts internet speed.,It adds new network devices.,It removes DNS entries.,A
213,Why is anomaly detection used in monitoring systems?,It flags events that deviate from norms.,It labels training data.,It delays alerts by design.,It converts logs to images.,A
214,Why is a confusion matrix helpful?,It shows classification performance.,It measures training loss.,It predicts future outcomes.,It replaces test data.,A
215,Why is dropout used during training?,It prevents overfitting by turning off neurons.,It adds noise to output.,It resets batch size.,It adjusts learning rate.,A
216,Why is an API gateway useful in microservices?,It manages requests between services.,It merges logs into one file.,It encrypts mobile apps.,It slows traffic.,A
217,Why is indexing used in databases?,It speeds up search queries.,It hides primary keys.,It reduces storage space.,It filters column types.,A
218,Why is a load balancer used in web services?,It splits traffic among servers.,It deletes cache on reload.,It switches IP addresses.,It generates backup logs.,A
219,Why is multi-factor authentication safer?,It combines multiple ID methods.,It uses stronger passwords.,It hides the login screen.,It deletes session history.,A
220,Why are epochs important in training models?,They define passes through data.,They replace optimizers.,They reduce feature count.,They modify input format.,A
221,Why is HTTPS considered secure for data transfer?,It encrypts the communication channel.,It reduces file size.,It hides the URL path.,It blocks image loading.,A
222,Why do we use firewalls in network systems?,They block unauthorized access.,They delete backup files.,They restart applications.,They scan user photos.,A
223,Why is CPU cache useful in computing?,It stores frequently used data nearby.,It extends battery life.,It compresses files.,It controls screen brightness.,A
224,Why is accuracy alone misleading in imbalanced data?,It ignores the minority class performance.,It lowers model complexity.,It changes the loss function.,It removes class labels.,A
225,Why do we compress files before transmission?,To reduce the size for faster transfer.,To secure the content.,To rename the extension.,To change file format.,A
226,Why is latency important in real-time systems?,It impacts how quickly responses are received.,It changes hardware speed.,It controls display resolution.,It encrypts voice data.,A
227,Why do we use the 'ping' command?,To check network connectivity.,To increase download speed.,To reset the modem.,To trace active ports.,A
228,Why is modular code preferred in large projects?,It's easier to maintain and debug.,It runs on mobile faster.,It blocks external updates.,It rewrites itself.,A
229,Why is MFA considered a best practice?,It reduces risk with multiple verification steps.,It hides password length.,It disables device syncing.,It renames login fields.,A
230,Why are backups essential in IT systems?,They restore data after loss or failure.,They double hard drive space.,They convert files to apps.,They reduce CPU usage.,A
231,Why is model interpretability important in AI?,It helps understand how predictions are made.,It speeds up inference time.,It limits the model size.,It reduces data noise.,A
232,Why are strong passwords recommended?,They make it harder to guess.,They boost internet speed.,They update apps faster.,They shorten session time.,A
233,Why is GitHub useful for developers?,It hosts and manages code online.,It runs antivirus checks.,It compresses video files.,It installs device drivers.,A
234,Why do cloud apps need autoscaling?,To handle traffic changes without manual work.,To reset all app settings.,To store user credentials.,To duplicate mobile data.,A
235,Why is the learning rate important in training?,It controls how much weights are updated.,It deletes the cost function.,It sorts input features.,It hides output classes.,A
236,Why is data anonymization used?,To protect user identity in shared data.,To randomize algorithm output.,To filter training logs.,To encrypt IP addresses.,A
237,Why is a test set used in machine learning?,To evaluate model performance on new data.,To tune learning rate.,To drop noisy samples.,To create new classes.,A
238,Why do web apps use sessions?,To store user state between requests.,To encrypt webpage titles.,To block slow users.,To prevent screen flicker.,A
239,Why is syntax highlighting helpful in code editors?,It makes code easier to read.,It doubles runtime.,It removes syntax rules.,It compiles scripts faster.,A
240,Why is server monitoring essential for uptime?,It helps detect problems early.,It shuts down all logs.,It changes IP settings.,It uploads new hardware.,A
241,Why is tokenization used in NLP pipelines?,It splits text into smaller units.,It summarizes long text.,It removes grammar tags.,It translates speech to text.,A
242,Why is bias-variance tradeoff important in modeling?,It balances model accuracy and generalization.,It sorts predictions by size.,It lowers dataset memory.,It filters missing rows.,A
243,Why is load testing performed on apps?,To measure performance under stress.,To install extra plugins.,To reduce cache size.,To compile the UI code.,A
244,Why do we use cron jobs in servers?,To schedule repeated tasks automatically.,To improve graphics rendering.,To block malware attempts.,To extend server memory.,A
245,Why is HTTPS safer than HTTP?,It uses encryption for all traffic.,It speeds up DNS resolution.,It updates browser plugins.,It hides user preferences.,A
246,Why are microservices loosely coupled?,So each part can change independently.,So they run on a single port.,So they share data files.,So they print console logs.,A
247,Why is data visualization important?,It makes complex data easier to grasp.,It lowers CPU usage.,It adds colors to code.,It hides data patterns.,A
248,Why is ReLU used in neural networks?,It's fast and avoids vanishing gradients.,It predicts future classes.,It adds new hidden layers.,It compresses matrix output.,A
249,Why do many APIs return JSON data?,It is lightweight and easy to parse.,It encrypts all keys.,It stores data as tables.,It removes nested fields.,A
250,Why is an SSL certificate vital for a website?,"It enables secure, encrypted traffic.",It hides image names.,It blocks JavaScript calls.,It shortens domain length.,A
251,Why is two-factor authentication more secure than passwords?,It adds a second verification layer.,It replaces firewalls.,It removes login logs.,It blocks JavaScript files.,A
252,Why do we normalize data in preprocessing?,To bring features to the same scale.,To remove target values.,To shorten training time.,To increase output classes.,A
253,Why are containers better than VMs for microservices?,They are lightweight and start faster.,They require no storage.,They use only static IPs.,They encrypt all traffic.,A
254,Why is Python popular for data science?,It has rich libraries and clean syntax.,It runs only on Windows.,It skips compile time.,It limits function size.,A
255,Why do we validate data before training?,To ensure correctness and consistency.,To reduce class imbalance.,To create new features.,To merge duplicate fields.,A
256,Why is serverless architecture scalable?,It adjusts resources based on load.,It skips deployment scripts.,It runs on static files.,It blocks code versioning.,A
257,Why is version control essential in teams?,It tracks and merges code changes.,It speeds up download time.,It clears log history.,It auto-generates tests.,A
258,Why do we perform data cleaning?,To fix or remove invalid entries.,To train the model faster.,To drop output columns.,To enhance UI colors.,A
259,Why do APIs use rate limiting?,To prevent abuse and overload.,To slow down browsers.,To remove API keys.,To encrypt user tokens.,A
260,Why are CDN networks faster for users?,They serve content from nearby servers.,They boost screen resolution.,They change page colors.,They delay JavaScript.,A
261,Why is hyperparameter tuning important in ML?,It improves model performance.,It hides test labels.,It lowers dataset size.,It resets weights.,A
262,Why are logs useful in debugging?,They show what happened step by step.,They encrypt output files.,They compile the app.,They clean cache folders.,A
263,Why do we use CI/CD in DevOps?,To automate build and deployment.,To generate UI mockups.,To manage customer support.,To shrink container sizes.,A
264,Why is model evaluation necessary?,It checks how well a model performs.,It reduces test data.,It updates the UI.,It changes activation functions.,A
265,Why is class imbalance a problem?,It skews model predictions.,It improves accuracy.,It filters noise better.,It increases training speed.,A
266,Why do we use JSON in web APIs?,It's readable and light.,It's based on HTML.,It's used for styling.,It's built from SQL.,A
267,Why is load balancing used in servers?,It spreads traffic evenly.,It lowers user count.,It encrypts form data.,It blocks cookies.,A
268,Why is HTTPS important for logins?,It encrypts sensitive data.,It reduces load time.,It hides input fields.,It skips routing checks.,A
269,Why do we use environment variables?,They protect secrets in code.,They boost performance.,They log database access.,They compile faster.,A
270,Why is prompt engineering useful in LLMs?,It shapes output by framing input.,It trains new models.,It builds web apps.,It sends alerts.,A
271,Why is cross-validation preferred in model evaluation?,It tests model performance across subsets.,It merges train and test sets.,It speeds up accuracy checks.,It hides validation loss.,A
272,Why do we use clustering in data science?,To group similar data points.,To label images manually.,To encrypt the dataset.,To remove outliers.,A
273,Why are learning curves useful?,They show model performance over time.,They reduce training data.,They split validation sets.,They detect syntax errors.,A
274,Why is data labeling important in supervised learning?,It helps map inputs to correct outputs.,It deletes duplicates.,It lowers feature count.,It compresses image data.,A
275,Why do neural nets use hidden layers?,To capture complex patterns.,To simplify gradients.,To reduce noise.,To block overfitting.,A
276,Why is the F1 score used in imbalanced data?,It balances precision and recall.,It lowers recall rate.,It sorts predictions.,It ignores false negatives.,A
277,Why is a hash function used in security?,It maps input to a fixed-size output.,It changes data types.,It stores cookies.,It uploads backups.,A
278,Why is a test suite used in software development?,It verifies that code behaves as expected.,It encrypts all functions.,It changes app design.,It restarts the server.,A
279,Why is the principle of least privilege important?,It limits access to only what is needed.,It shares data with all users.,It locks admin settings.,It disables backups.,A
280,Why are scalability tests critical before deployment?,To ensure the app handles increased load.,To reduce UI rendering.,To hide memory usage.,To increase DNS requests.,A
281,Why is a data lake used in big data systems?,"It stores raw, unstructured data.",It removes outdated backups.,It filters all network logs.,It blocks API requests.,A
282,Why is a primary key important in databases?,It uniquely identifies each row.,It encrypts table data.,It removes duplicate rows.,It links tables automatically.,A
283,Why is caching used in web apps?,It speeds up page load times.,It stores user passwords.,It blocks browser history.,It compresses font sizes.,A
284,Why is a staging environment used?,It tests changes before production.,It hides database errors.,It doubles app size.,It renames project files.,A
285,Why do developers use virtual environments in Python?,They isolate project dependencies.,They compile Python code.,They encrypt source code.,They connect APIs.,A
286,Why is normalization important in databases?,It reduces data redundancy.,It joins multiple schemas.,It stores encrypted logs.,It skips field constraints.,A
287,Why do we use JOIN in SQL?,To combine rows from related tables.,To delete similar records.,To encrypt passwords.,To backup queries.,A
288,Why is exploratory data analysis done first?,To understand patterns in the data.,To build neural networks.,To increase data size.,To split datasets.,A
289,Why do APIs return status codes?,To show the result of a request.,To delete request headers.,To rename routes.,To encrypt tokens.,A
290,Why is batch processing used in data systems?,It handles large volumes at once.,It updates logs daily.,It compresses text fields.,It streams real-time data.,A
291,Why is unit testing important in development?,It helps ensure code works as expected.,It encrypts project files.,It runs user sessions.,It hides log outputs.,A
292,Why is reproducibility valued in data science?,It ensures consistent results with the same inputs.,It reduces computation cost.,It removes null values.,It blocks file sharing.,A
293,Why is encryption used in messaging apps?,It keeps conversations private.,It syncs contact lists.,It tracks user behavior.,It compresses voice notes.,A
294,Why is agile methodology popular?,"It supports fast, flexible development.",It locks project scope.,It removes testing phases.,It skips documentation.,A
295,Why is cloud backup useful?,It protects data from local failure.,It erases deleted files.,It slows network speed.,It renames file extensions.,A
296,Why do we use data pipelines?,They automate data flow and processing.,They visualize code.,They compress backup files.,They encrypt dashboards.,A
297,Why is server uptime monitoring essential?,It helps avoid unexpected downtimes.,It increases CPU clock speed.,It filters unauthorized users.,It resets all server logs.,A
298,Why is anomaly detection used in finance?,It spots suspicious transactions.,It increases account balance.,It blocks user logins.,It resets password length.,A
299,Why is code refactoring done?,It improves code structure without changing behavior.,It deletes dead links.,It encrypts comments.,It reduces screen glare.,A
300,Why do we use DevOps practices?,They improve collaboration and delivery speed.,They lock version history.,They split project files.,They compile JavaScript.,A
301,Why is versioning important in API development?,It ensures backward compatibility.,It hides error codes.,It speeds up request time.,It blocks user access.,A
302,Why is semantic HTML used in web development?,It improves accessibility and SEO.,It increases image resolution.,It deletes extra lines.,It adds animation effects.,A
303,Why is data wrangling essential in analysis?,It cleans and reshapes messy data.,It hides missing values.,It compresses datasets.,It sorts labels alphabetically.,A
304,Why is latency a key metric in networking?,It measures delay in data transfer.,It reduces browser size.,It encrypts file names.,It reroutes DNS entries.,A
305,Why do developers use linters?,To catch errors and enforce code style.,To generate tests.,To compress the repo.,To render images faster.,A
306,Why are graphs used in knowledge representation?,They show relationships between entities.,They rank web pages.,They clean training data.,They reduce CPU cycles.,A
307,Why is edge computing used in IoT?,It reduces data travel distance.,It encrypts device logs.,It backs up cloud files.,It merges IP addresses.,A
308,Why is the minimum viable product (MVP) approach effective?,It validates ideas with minimal effort.,It removes marketing needs.,It skips testing stages.,It limits user feedback.,A
309,Why is containerization helpful in deployment?,It makes apps portable across systems.,It shortens Python scripts.,It disables REST APIs.,It encrypts YAML files.,A
310,Why is database indexing a performance booster?,It speeds up data retrieval.,It merges columns.,It hides joins.,It compresses keys.,A
311,Why do neurons in the brain form synaptic connections?,To transmit signals between cells.,To increase blood flow.,To produce hormones.,To digest proteins.,A
312,Why is the hippocampus vital for memory?,It helps form and store memories.,It regulates heartbeat.,It controls reflexes.,It processes visual input.,A
313,Why do enzymes speed up chemical reactions?,They lower the activation energy.,They raise cell temperature.,They consume oxygen.,They change DNA sequences.,A
314,Why is the placebo effect significant in studies?,It shows how belief can influence outcomes.,It controls the sample size.,It ensures double-blinding.,It removes test bias.,A
315,Why is dopamine linked to motivation and reward?,It influences pleasure and reinforcement.,It increases heart rate.,It digests nutrients.,It stores calcium.,A
316,Why is REM sleep important?,It's linked to dreaming and memory.,It raises blood sugar.,It burns fat faster.,It strengthens bones.,A
317,Why is the cerebellum essential for coordination?,It fine-tunes motor movements.,It interprets sounds.,It filters toxins.,It regulates hunger.,A
318,Why is serotonin linked to mood?,It helps regulate emotions.,It fuels muscle growth.,It controls vision.,It breaks down glucose.,A
319,Why is homeostasis crucial in biology?,It maintains internal balance.,It speeds up reactions.,It removes DNA errors.,It causes mutation.,A
320,Why is Pavlov's experiment important in psychology?,It demonstrated classical conditioning.,It mapped brain regions.,It defined IQ testing.,It showed language use.,A
321,Why is natural selection central to evolution?,It explains how traits that aid survival spread.,It describes cell division.,It predicts mating behavior.,It maps brain structure.,A
322,Why do white blood cells protect the body?,They destroy harmful invaders.,They store energy.,They deliver oxygen.,They produce insulin.,A
323,Why is the amygdala linked to fear?,It helps process emotional responses.,It controls balance.,It increases muscle tone.,It boosts heart function.,A
324,Why is behavioral therapy used in mental health?,It helps change negative thought patterns.,It regulates sleep.,It boosts digestion.,It tracks body temperature.,A
325,Why are stem cells medically valuable?,They can become many types of cells.,They kill bacteria.,They store memories.,They break down fat.,A
326,Why is Maslow’s hierarchy important in psychology?,It explains human motivation and needs.,It treats eating disorders.,It scores intelligence.,It studies vision.,A
327,Why do vaccines build immunity?,They train the body to fight disease.,They clean the blood.,They raise body temperature.,They cure infections directly.,A
328,Why is the prefrontal cortex important?,It handles decision-making and planning.,It aids breathing.,It controls reflexes.,It stores visual data.,A
329,Why is the scientific method key in research?,It provides a structured way to test ideas.,It limits experiment size.,It proves all hypotheses.,It shows public opinion.,A
330,Why is metabolism vital for life?,It supports energy production in cells.,It makes proteins.,It forms white blood cells.,It stores excess vitamins.,A
331,Why is observational learning important in psychology?,It shows how behavior is learned by watching others.,It predicts language acquisition.,It explains memory loss.,It monitors vital signs.,A
332,Why do cells undergo mitosis?,To create identical daughter cells.,To digest nutrients.,To transfer DNA.,To remove bacteria.,A
333,Why is cortisol known as a stress hormone?,It’s released during stress to help respond.,It lowers blood pressure.,It sharpens vision.,It improves sleep.,A
334,Why is peer review essential in science?,It validates findings through critique.,It speeds up publication.,It encrypts reports.,It replaces lab tests.,A
335,Why is self-actualization the top of Maslow’s hierarchy?,It represents reaching full potential.,It reflects basic needs.,It controls anxiety.,It regulates emotions.,A
336,Why is the autonomic nervous system critical?,It controls involuntary body functions.,It repairs muscle tissue.,It stores genetic info.,It digests complex carbs.,A
337,Why is cognitive dissonance uncomfortable?,It results from conflicting beliefs.,It reduces memory strength.,It triggers hunger.,It affects heart rate.,A
338,Why is the spinal cord vital to the nervous system?,It transmits signals between brain and body.,It stores red blood cells.,It cools the brain.,It filters waste.,A
339,Why is empathy important in social behavior?,It helps people understand others’ feelings.,It raises blood oxygen.,It reduces eye strain.,It improves digestion.,A
340,Why is the endocrine system essential in the body?,It produces hormones for regulation.,It supports bone movement.,It stores white cells.,It filters air.,A
341,Why is the limbic system important in psychology?,It regulates emotions and memory.,It manages muscle movement.,It filters spinal signals.,It strengthens bones.,A
342,Why is protein synthesis essential in biology?,It builds the proteins needed for life.,It speeds up cell death.,It breaks down enzymes.,It filters cellular waste.,A
343,Why is exposure therapy used in anxiety treatment?,It helps patients face and reduce fears.,It increases memory recall.,It blocks stress hormones.,It boosts metabolism.,A
344,Why is osmosis crucial for cell survival?,It balances water across cell membranes.,It absorbs oxygen.,It prevents nerve impulses.,It stores glucose.,A
345,Why is classical conditioning studied in psychology?,It shows how behaviors are learned through association.,It increases neural speed.,It repairs brain damage.,It tracks hormone levels.,A
346,Why is insulin important for the human body?,It regulates blood sugar levels.,It stores protein.,It strengthens ligaments.,It forms blood cells.,A
347,Why is short-term memory limited in capacity?,It can hold only a few items briefly.,It stores sensory input.,It deletes emotional memories.,It slows thought speed.,A
348,Why do antidepressants affect serotonin levels?,To help balance mood in patients.,To block pain receptors.,To improve lung capacity.,To increase bone density.,A
349,Why is blood pressure regulation important?,It maintains safe circulation levels.,It filters white cells.,It processes vision data.,It clears brain fog.,A
350,Why is behavioral reinforcement used in training?,It strengthens desired responses through rewards.,It raises resting heart rate.,It shrinks emotional bias.,It stops reflex loops.,A
351,Why is the skin considered the first line of defense?,It forms a physical barrier against pathogens.,It stores red blood cells.,It produces antibodies.,It boosts energy.,A
352,Why is the scientific method iterative?,It evolves as new evidence is found.,It only applies to physics.,It ends after one trial.,It avoids data collection.,A
353,Why is the sympathetic nervous system activated in emergencies?,It prepares the body for fight or flight.,It controls digestion.,It slows breathing.,It boosts hearing.,A
354,Why are placebos used in clinical trials?,To measure effects of treatment versus belief.,To reduce dosage.,To test for allergies.,To track hydration.,A
355,Why is the cerebrum key in complex thought?,"It handles logic, memory, and decisions.",It controls movement only.,It filters toxins.,It stores oxygen.,A
356,Why are electrolytes essential in biology?,They help cells transmit electrical signals.,They burn calories.,They boost hormone levels.,They dissolve protein.,A
357,Why is behavioral psychology focused on observable actions?,It studies behavior that can be measured.,It analyzes dreams.,It tests muscle strength.,It enhances taste perception.,A
358,Why is the hypothalamus vital to homeostasis?,"It regulates temperature, hunger, and hormones.",It manages breathing rhythm.,It produces white cells.,It powers brain waves.,A
359,Why are neurotransmitters important in the nervous system?,They carry signals between neurons.,They clean blood vessels.,They regulate sleep cycles.,They increase lung size.,A
360,Why is experimental control crucial in research?,It isolates variables to test causality.,It speeds up data entry.,It removes bias automatically.,It summarizes findings.,A
361,Why is genetic variation important in populations?,It increases chances of survival and adaptation.,It stops DNA replication.,It reduces reproduction.,It deletes old genes.,A
362,Why is the myelin sheath important for neurons?,It speeds up signal transmission.,It stores neurotransmitters.,It filters impulses.,It produces red blood cells.,A
363,Why is the placebo effect a concern in experiments?,It can influence results without real treatment.,It raises drug costs.,It speeds up dosage.,It prevents bias.,A
364,Why is the retina essential for vision?,It contains cells that detect light.,It supports eye movement.,It filters sound.,It digests nutrients.,A
365,Why is reinforcement scheduling studied in behaviorism?,It affects how often behaviors are repeated.,It boosts memory.,It blocks motor signals.,It increases brain size.,A
366,Why is circadian rhythm important in biology?,It regulates sleep-wake cycles.,It digests proteins.,It stops infections.,It builds muscles.,A
367,Why is the frontal lobe important for personality?,It contributes to self-control and decision-making.,It regulates heartbeat.,It filters pain.,It stores vitamins.,A
368,Why is schema theory used in psychology?,It explains how knowledge is organized and used.,It tracks emotional triggers.,It lowers stress.,It alters brain chemistry.,A
369,Why is the immune response specific to antigens?,It targets only recognized threats.,It boosts respiration.,It blocks digestion.,It filters vision.,A
370,Why is the visual cortex critical for seeing?,It processes visual input from the eyes.,It controls blinking speed.,It forms memories.,It stores speech patterns.,A
371,Why is the parasympathetic nervous system important?,It calms the body after stress.,It speeds up digestion.,It increases blood pressure.,It blocks muscle reflexes.,A
372,Why is the thalamus considered a relay station in the brain?,It directs sensory information to the cortex.,It stores motor memories.,It regulates reflex arcs.,It triggers adrenaline.,A
373,Why is classical conditioning relevant in advertising?,It links positive feelings with products.,It lowers costs.,It increases memory span.,It controls shopping times.,A
374,Why is the blood-brain barrier critical?,It protects the brain from harmful substances.,It increases oxygen flow.,It enhances hearing.,It regulates vision.,A
375,Why is the spinal reflex arc important?,It allows fast responses without brain input.,It slows down muscle contraction.,It stores pain information.,It increases nerve size.,A
376,Why is the preoperational stage key in Piaget’s theory?,It involves symbolic thinking and egocentrism.,It covers language loss.,It forms scientific reasoning.,It ends physical growth.,A
377,Why is the amygdala overactive in anxiety disorders?,It heightens fear response to perceived threats.,It reduces cortisol.,It slows down thoughts.,It filters dopamine.,A
378,Why is long-term potentiation studied in neuroscience?,It helps explain how memories are strengthened.,It slows reaction time.,It prevents neuron death.,It blocks pain receptors.,A
379,Why is operant conditioning used in behavior training?,It shapes actions using rewards and punishments.,It hides emotional triggers.,It shortens learning time.,It boosts IQ scores.,A
380,Why is the pituitary gland called the master gland?,It regulates many other endocrine glands.,It stores calcium.,It produces insulin.,It filters blood toxins.,A
381,Why is the medulla oblongata essential for survival?,It controls vital functions like breathing and heart rate.,It stores long-term memories.,It digests nutrients.,It generates motor impulses.,A
382,Why is observational research used in psychology?,It allows studying behavior in natural settings.,It creates artificial responses.,It boosts cognitive function.,It tracks hormonal levels.,A
383,Why is the Broca's area important for language?,It helps with speech production.,It stores vocabulary.,It controls reading speed.,It manages hearing.,A
384,Why is the sodium-potassium pump vital in neurons?,It maintains the resting potential.,It creates myelin.,It releases serotonin.,It speeds up reflexes.,A
385,Why is working memory important in cognitive tasks?,It temporarily holds information for processing.,It stores emotional reactions.,It encodes long-term memory.,It filters distractions.,A
386,Why is habituation considered a basic form of learning?,It involves decreased response to repeated stimuli.,It reinforces new behaviors.,It increases cognitive load.,It activates reward systems.,A
387,Why is the occipital lobe crucial for vision?,It processes visual information from the eyes.,It balances sound input.,It adjusts body temperature.,It interprets language.,A
388,Why is informed consent important in research ethics?,It respects participants' autonomy and choice.,It increases survey size.,It shortens the experiment.,It anonymizes results.,A
389,Why is the placebo group needed in clinical trials?,It helps isolate the treatment effect.,It hides data anomalies.,It ensures double-blind design.,It extends trial length.,A
390,Why is acetylcholine important in muscle control?,It triggers muscle contractions.,It reduces stress levels.,It balances blood sugar.,It cools down tissues.,A
391,Why is the hypothalamus important in maintaining body temperature?,It acts as the body’s thermostat.,It circulates blood.,It stores oxygen.,It pumps hormones.,A
392,Why is the temporal lobe essential for hearing?,It processes auditory information.,It balances body movements.,It regulates sleep patterns.,It stores immune responses.,A
393,Why is the concept of neuroplasticity groundbreaking?,It shows the brain can adapt and change.,It increases spinal growth.,It stores hormone levels.,It fixes bone fractures.,A
394,Why is random assignment used in experiments?,It helps reduce selection bias.,It speeds up trials.,It guarantees better results.,It shortens sample size.,A
395,Why is motor cortex stimulation used in treatment?,It helps retrain damaged movement pathways.,It removes brain tumors.,It increases blood volume.,It controls hearing.,A
396,Why is implicit memory different from explicit memory?,It operates without conscious awareness.,It stores only visual memories.,It improves heart function.,It affects muscle growth.,A
397,Why is the vestibular system essential for balance?,It detects head movement and orientation.,It filters food intake.,It controls blood sugar.,It sharpens vision.,A
398,Why is fMRI used in brain research?,It maps brain activity through blood flow.,It freezes brain movement.,It creates sound maps.,It tests muscle reaction.,A
399,Why is psychological resilience important?,It helps people recover from adversity.,It boosts IQ.,It changes physical strength.,It reduces sugar levels.,A
400,Why is the theory of operant conditioning relevant in parenting?,It explains how behavior can be shaped by rewards.,It boosts physical coordination.,It controls sleep cycles.,It increases memory recall.,A
401,Why is SWOT analysis used in business strategy?,"It helps identify strengths, weaknesses, opportunities, and threats.",It predicts future sales.,It balances budgets.,It merges departments.,A
402,Why is customer segmentation important in marketing?,It allows targeting of specific consumer groups.,It raises product prices.,It increases refund rates.,It replaces product testing.,A
403,Why is brand positioning crucial for a company?,It defines how a brand is perceived in the market.,It lowers advertising costs.,It automates packaging.,It designs store layouts.,A
404,Why is content marketing effective?,It builds trust through valuable information.,It shortens customer service time.,It lowers website speed.,It avoids competitor research.,A
405,Why is ROI a key metric in marketing?,It shows the return on investment from campaigns.,It filters spam emails.,It replaces customer feedback.,It deletes user data.,A
406,Why is A/B testing used in digital marketing?,It compares performance of two variants.,It creates new landing pages.,It blocks pop-ups.,It encrypts URLs.,A
407,Why is email personalization important in campaigns?,It increases engagement by addressing individual interests.,It reduces email length.,It changes subject lines.,It adds attachments.,A
408,Why is a sales funnel useful in marketing?,It outlines stages of the customer journey.,It renames product features.,It manages warehouse stock.,It filters employees.,A
409,Why is customer lifetime value (CLV) important?,It estimates total revenue from a customer.,It tracks daily sales.,It logs user behavior.,It hides discounts.,A
410,Why is competitor analysis vital in marketing strategy?,It informs how to position against rivals.,It increases customer loyalty.,It deletes price tags.,It adds shipping fees.,A
411,Why is product-market fit critical for startups?,It shows there is demand for the product.,It increases ad spending.,It builds warehouse capacity.,It automates hiring.,A
412,Why is customer feedback valuable in product development?,It guides improvements based on real use.,It boosts manufacturing speed.,It deletes negative reviews.,It alters shipping costs.,A
413,Why is brand equity important for businesses?,It reflects the value customers place on a brand.,It tracks inventory levels.,It reduces payroll.,It filters spam traffic.,A
414,Why is the 4Ps model used in marketing?,"It covers product, price, place, and promotion.",It measures production time.,It manages HR policies.,It schedules meetings.,A
415,Why is storytelling used in branding?,It helps emotionally connect with customers.,It lowers website traffic.,It reduces product size.,It filters customer data.,A
416,Why is value proposition important?,It explains why a product is worth buying.,It details manufacturing cost.,It measures click rates.,It changes ad targeting.,A
417,Why is net promoter score (NPS) tracked?,It measures customer loyalty and satisfaction.,It predicts ad clicks.,It lowers bounce rate.,It monitors server uptime.,A
418,Why is customer journey mapping useful?,It reveals user experience across touchpoints.,It builds product lists.,It changes currency rates.,It renames web pages.,A
419,Why is churn rate a concern for subscription models?,It indicates customer loss over time.,It boosts referral rates.,It filters user feedback.,It increases sales targets.,A
420,Why is pricing strategy important in business?,It affects profitability and market positioning.,It logs cash flow.,It disables competition.,It shortens pay cycles.,A
421,Why is market research essential before launching a product?,It helps understand customer needs and market gaps.,It lowers raw material cost.,It automates support tickets.,It updates user interfaces.,A
422,Why is strategic planning important in business?,It aligns long-term goals with daily operations.,It cuts training costs.,It exports billing records.,It renames policies.,A
423,Why is social proof effective in marketing?,It builds trust through testimonials or usage stats.,It hides company flaws.,It reduces product lines.,It switches ad platforms.,A
424,Why is influencer marketing growing in popularity?,It leverages trusted individuals to reach audiences.,It stops data loss.,It changes product features.,It boosts inventory count.,A
425,Why is CRM important for sales teams?,It manages customer relationships and data.,It edits product specs.,It blocks unauthorized access.,It updates staff shifts.,A
426,Why is user experience (UX) critical for websites?,It impacts satisfaction and conversion rates.,It removes login options.,It stops auto-scroll.,It tracks video views.,A
427,Why is a mission statement important?,It defines a company's purpose and direction.,It lists payment terms.,It explains pricing.,It reduces marketing costs.,A
428,Why is agile methodology used in product teams?,"It promotes fast, iterative development.",It increases ad revenue.,It slows product launches.,It reduces UI testing.,A
429,Why is a USP (Unique Selling Proposition) valuable?,It distinguishes a product from competitors.,It lowers development time.,It expands manufacturing space.,It combines product lines.,A
430,Why is digital transformation vital for modern businesses?,It improves efficiency through technology.,It delays change.,It increases overhead.,It copies past processes.,A
431,Why is lead generation crucial in marketing?,It attracts potential customers into the sales funnel.,It lowers product quality.,It merges pricing tiers.,It filters employee resumes.,A
432,Why is market segmentation a strategic tool?,It enables targeting of specific audience groups.,It restricts ad platforms.,It removes branding.,It compresses product descriptions.,A
433,Why is upselling used by businesses?,It increases revenue by promoting higher-value items.,It deletes product options.,It resets customer history.,It disables user accounts.,A
434,Why is omnichannel strategy important in retail?,It provides seamless customer experiences across platforms.,It doubles stock prices.,It blocks mobile apps.,It lowers warehouse costs.,A
435,Why is performance marketing result-driven?,It ties payment to specific actions like clicks or sales.,It avoids measurement.,It hides metrics.,It duplicates campaigns.,A
436,Why are landing pages important in online marketing?,They focus user attention on a single goal.,They extend product catalogs.,They speed up server restarts.,They block search indexing.,A
437,Why is data analytics valuable in business decisions?,It uncovers patterns and insights to guide strategy.,It limits automation.,It locks files.,It removes dashboards.,A
438,Why is PPC (Pay-Per-Click) advertising widely used?,It gives measurable traffic based on ad spend.,It runs offline ads.,It shortens URLs.,It adjusts billing cycles.,A
439,Why is business agility a competitive advantage?,It helps adapt quickly to market changes.,It increases payroll.,It adds user delays.,It slows marketing.,A
440,Why is conversion rate a key marketing metric?,It shows the effectiveness of turning visitors into customers.,It tracks page loading time.,It reduces ad copy length.,It merges product IDs.,A
441,Why is customer onboarding important for SaaS companies?,It ensures users understand and use the product effectively.,It removes billing options.,It hides product features.,It filters error logs.,A
442,Why is predictive analytics useful in business?,It helps forecast trends and customer behavior.,It delays product launches.,It shortens email length.,It compresses customer data.,A
443,Why is supply chain management critical for retailers?,It optimizes flow of goods from suppliers to customers.,It boosts graphic design.,It tracks app downloads.,It filters pop-up ads.,A
444,Why is brand loyalty valuable in marketing?,It results in repeat purchases and advocacy.,It hides return policies.,It reduces delivery speed.,It limits feedback forms.,A
445,Why is personalization important in ecommerce?,It tailors the shopping experience to the user.,It disables cart tracking.,It lowers product visibility.,It resets website layout.,A
446,Why is financial forecasting essential for business planning?,It estimates future revenue and expenses.,It removes annual budgets.,It compresses invoices.,It alters payment gateways.,A
447,Why is omnipresence a marketing strength?,It increases brand recognition across channels.,It lowers referral bonuses.,It delays order fulfillment.,It encrypts video content.,A
448,Why is stakeholder communication key in project management?,It aligns expectations and improves transparency.,It reduces deliverables.,It blocks task updates.,It ends collaboration.,A
449,Why is pricing psychology used in retail?,It influences buying decisions through perception.,It limits discount codes.,It merges checkout pages.,It tracks barcode changes.,A
450,Why is a strong call to action (CTA) crucial in marketing content?,It guides users toward a specific goal.,It changes logo design.,It lowers bounce rate.,It lengthens page text.,A
451,Why is referral marketing cost-effective?,It leverages satisfied customers to bring in new ones.,It replaces influencer outreach.,It shortens payment cycles.,It increases warehouse rent.,A
452,Why is market saturation a challenge for startups?,It limits room for growth and new users.,It lowers server uptime.,It reduces payroll.,It improves app latency.,A
453,Why is risk management necessary in project planning?,It prepares for potential setbacks and uncertainties.,It filters social media metrics.,It removes legal teams.,It boosts brand design.,A
454,Why is thought leadership used in content strategy?,It builds authority and trust within a niche.,It simplifies payment methods.,It shortens video ads.,It removes call center load.,A
455,Why is customer retention more profitable than acquisition?,It costs less and increases lifetime value.,It avoids marketing completely.,It lowers software versions.,It increases delivery time.,A
456,Why is benchmarking used in performance reviews?,It compares current performance against industry standards.,It duplicates goals.,It automates payroll.,It changes file names.,A
457,Why is data visualization crucial in reports?,It makes complex information easier to understand.,It extends meetings.,It deletes user sessions.,It disables cookies.,A
458,Why is cross-functional collaboration valuable in business?,It brings diverse perspectives to solve problems.,It removes role clarity.,It shortens vacation time.,It erases project scope.,A
459,Why is mobile optimization critical for ecommerce?,It improves user experience on smaller screens.,It disables shopping carts.,It blocks reviews.,It hides return policies.,A
460,Why is time-to-market a key metric in product launches?,It reflects speed from idea to release.,It increases design complexity.,It duplicates wireframes.,It lowers code quality.,A
461,Why is the liver essential in drug metabolism?,It breaks down and detoxifies medications.,It produces red blood cells.,It stores iron long-term.,It regulates heart rate.,A
462,Why are antibiotics ineffective against viruses?,Viruses don’t have cellular structures targeted by antibiotics.,Viruses are resistant to all medications.,Viruses multiply in blood only.,Viruses increase white blood cells.,A
463,Why is insulin critical for diabetics?,It helps regulate blood glucose levels.,It enhances bone density.,It clears liver toxins.,It boosts oxygen transport.,A
464,Why is patient history important in diagnosis?,It provides context for symptoms and risks.,It increases prescription dosage.,It eliminates the need for testing.,It filters insurance data.,A
465,Why is aseptic technique important during surgery?,It prevents infection by keeping the field sterile.,It increases oxygen flow.,It relaxes patient muscles.,It speeds wound healing.,A
466,Why is the blood-brain barrier significant in pharmacology?,It restricts certain drugs from reaching the brain.,It transports glucose.,It slows brain signals.,It breaks down proteins.,A
467,Why is the ECG used in emergency medicine?,It detects irregular heart rhythms quickly.,It filters lung sounds.,It measures body temperature.,It diagnoses broken bones.,A
468,Why is vaccination important for public health?,It reduces the spread of infectious diseases.,It increases muscle strength.,It speeds up digestion.,It clears nasal passages.,A
469,Why is hydration critical in treating heatstroke?,It restores fluid balance and cools the body.,It raises blood sugar.,It slows breathing.,It narrows blood vessels.,A
470,Why is the spleen important in the immune system?,It filters blood and helps fight infections.,It digests protein.,It stores calcium.,It produces adrenaline.,A
471,Why is the kidney vital for maintaining electrolyte balance?,"It regulates levels of sodium, potassium, and calcium.",It controls insulin secretion.,It absorbs dietary fat.,It produces red blood cells.,A
472,Why is hemoglobin important in the circulatory system?,It carries oxygen from the lungs to tissues.,It digests carbohydrates.,It filters toxins.,It produces bile.,A
473,Why is CPR (cardiopulmonary resuscitation) performed during cardiac arrest?,It helps maintain blood circulation and oxygen flow.,It reduces fever.,It improves digestion.,It restores electrolyte levels.,A
474,Why is the pancreas considered both an endocrine and exocrine gland?,It secretes hormones and digestive enzymes.,It regulates blood pressure.,It absorbs nutrients.,It stores energy.,A
475,Why are antihistamines used to treat allergies?,They block the effects of histamine.,They reduce viral replication.,They increase heart rate.,They enhance bone growth.,A
476,Why is the appendix no longer considered entirely useless?,It may play a role in gut immunity.,It stores calcium.,It filters air.,It produces insulin.,A
477,Why is early detection important in cancer treatment?,It increases the chances of successful treatment.,It avoids all surgeries.,It eliminates immune responses.,It decreases oxygen supply.,A
478,Why is the pulse oximeter used in clinical settings?,It measures blood oxygen saturation.,It tracks hydration level.,It measures vision.,It detects blood sugar.,A
479,Why is antibiotic resistance a global concern?,It makes infections harder to treat.,It increases vaccine costs.,It stops organ function.,It boosts immune memory.,A
480,Why is patient compliance important in chronic disease management?,It ensures effectiveness of long-term treatment.,It reduces blood volume.,It strengthens bones.,It lowers heartbeat.,A
481,Why is informed consent critical before surgical procedures?,It ensures the patient understands and agrees to the risks.,It replaces medical history.,It speeds up recovery.,It avoids anesthesia use.,A
482,Why is the thyroid gland important in metabolism?,It regulates metabolic rate through hormone secretion.,It digests carbohydrates.,It filters blood.,It stores vitamin D.,A
483,Why are anticoagulants prescribed to some patients?,They prevent blood clot formation.,They lower blood sugar.,They boost lung capacity.,They increase appetite.,A
484,Why is the Glasgow Coma Scale used in emergency care?,It assesses a patient’s level of consciousness.,It evaluates muscle mass.,It controls heartbeat.,It adjusts oxygen levels.,A
485,Why is the right ventricle important in circulation?,It pumps deoxygenated blood to the lungs.,It absorbs nutrients.,It filters waste.,It produces plasma.,A
486,Why is sterile technique essential in wound care?,It reduces risk of infection and promotes healing.,It increases platelet count.,It raises white blood cell levels.,It slows bleeding.,A
487,Why is hypertension called the 'silent killer'?,It often shows no symptoms but causes serious damage.,It causes constant coughing.,It affects only teenagers.,It improves heart rhythm.,A
488,Why is the autonomic nervous system vital in medicine?,It controls involuntary functions like heart rate and digestion.,It filters sensory information.,It repairs brain tissue.,It boosts reflex speed.,A
489,Why is the body’s inflammatory response necessary?,It defends against injury and infection.,It reduces metabolic rate.,It slows cell growth.,It enhances sleep cycles.,A
490,Why is pediatric dosing different from adult dosing?,Children metabolize drugs differently due to body composition.,Children absorb pills faster.,Children prefer syringes.,Children avoid drug resistance.,A
491,Why is telemetry used in cardiac monitoring?,It allows real-time remote observation of heart activity.,It delivers nutrients.,It reduces stress.,It strengthens muscles.,A
492,Why is oxygen therapy used for COPD patients?,It improves oxygen supply to tissues.,It lowers blood sugar.,It reduces inflammation.,It repairs alveoli.,A
493,Why is folic acid important during pregnancy?,It helps prevent neural tube defects in the fetus.,It strengthens bones.,It improves eyesight.,It regulates heartbeat.,A
494,Why is palliative care important in terminal illness?,It focuses on comfort and quality of life.,It aims to cure the condition.,It shortens hospital stay.,It eliminates all symptoms.,A
495,Why is the pituitary gland called the master gland?,It controls hormone secretion in other glands.,It regulates body fat.,It stores enzymes.,It boosts appetite.,A
496,Why is triage important in emergency medicine?,It prioritizes treatment based on urgency.,It monitors vitals only.,It reduces paperwork.,It speeds up billing.,A
497,Why is the diaphragm essential for breathing?,It contracts to expand the lungs during inhalation.,It stores oxygen.,It filters air particles.,It produces mucus.,A
498,Why is electrolyte monitoring important in hospitalized patients?,It ensures proper muscle and nerve function.,It increases hemoglobin.,It improves taste.,It lowers blood clotting.,A
499,Why is the use of IV fluids common in emergency settings?,It rapidly restores hydration and electrolyte balance.,It improves liver enzymes.,It enhances bone density.,It clears ear infections.,A
500,Why is antimicrobial stewardship essential in healthcare?,It promotes responsible antibiotic use to prevent resistance.,It increases pill strength.,It raises white blood cells.,It blocks protein synthesis.,A
